-- phpMyAdmin SQL Dump
-- version 5.2.1
-- https://www.phpmyadmin.net/
--
-- Host: 127.0.0.1
-- Generation Time: Apr 21, 2026 at 10:35 AM
-- Server version: 10.4.32-MariaDB
-- PHP Version: 8.2.12

SET SQL_MODE = "NO_AUTO_VALUE_ON_ZERO";
START TRANSACTION;
SET time_zone = "+00:00";


/*!40101 SET @OLD_CHARACTER_SET_CLIENT=@@CHARACTER_SET_CLIENT */;
/*!40101 SET @OLD_CHARACTER_SET_RESULTS=@@CHARACTER_SET_RESULTS */;
/*!40101 SET @OLD_COLLATION_CONNECTION=@@COLLATION_CONNECTION */;
/*!40101 SET NAMES utf8mb4 */;

--
-- Database: `rotilila2`
--

-- --------------------------------------------------------

--
-- Table structure for table `attendance`
--

CREATE TABLE `attendance` (
  `attendance_id` int(11) NOT NULL,
  `user_id` int(2) NOT NULL,
  `check_in_time` datetime NOT NULL,
  `check_out_time` datetime DEFAULT NULL,
  `status` enum('present','late','absent','leave') NOT NULL DEFAULT 'present',
  `notes` varchar(255) DEFAULT NULL
) ENGINE=InnoDB DEFAULT CHARSET=utf8mb4 COLLATE=utf8mb4_general_ci;

--
-- Dumping data for table `attendance`
--

INSERT INTO `attendance` (`attendance_id`, `user_id`, `check_in_time`, `check_out_time`, `status`, `notes`) VALUES
(1, 126, '2025-08-23 21:54:17', NULL, 'present', NULL),
(2, 137, '2025-08-23 22:30:28', NULL, 'present', NULL),
(3, 137, '2025-08-23 22:30:28', NULL, 'present', NULL),
(4, 130, '2025-08-23 22:33:46', NULL, 'present', NULL),
(5, 130, '2025-08-23 22:37:21', NULL, 'present', NULL),
(6, 130, '2025-08-23 22:37:21', NULL, 'present', NULL),
(7, 130, '2025-08-23 22:37:58', NULL, 'present', NULL),
(8, 126, '2025-08-24 20:16:55', NULL, 'present', NULL),
(9, 126, '2025-08-24 20:16:55', NULL, 'present', NULL),
(10, 138, '2025-08-24 20:18:21', NULL, 'present', NULL),
(11, 138, '2025-08-24 20:18:21', NULL, 'present', NULL),
(12, 130, '2025-08-24 20:19:32', NULL, 'present', NULL),
(13, 130, '2025-08-24 20:44:54', NULL, 'present', NULL),
(14, 130, '2025-08-24 20:44:54', NULL, 'present', NULL),
(15, 126, '2025-08-25 21:05:31', NULL, 'present', NULL),
(16, 126, '2025-08-25 21:05:31', NULL, 'present', NULL),
(17, 130, '2025-08-25 21:11:43', NULL, 'present', NULL),
(18, 130, '2025-08-25 21:11:43', NULL, 'present', NULL),
(19, 137, '2025-08-25 21:12:41', NULL, 'present', NULL),
(20, 137, '2025-08-25 21:12:41', NULL, 'present', NULL),
(21, 130, '2025-08-26 02:54:09', NULL, 'present', NULL),
(22, 130, '2025-08-26 02:54:09', NULL, 'present', NULL),
(23, 137, '2025-08-26 03:01:44', NULL, 'present', NULL),
(24, 137, '2025-08-26 03:01:44', NULL, 'present', NULL),
(25, 137, '2025-08-26 03:03:03', NULL, 'present', NULL),
(26, 137, '2025-08-26 03:03:03', NULL, 'present', NULL),
(27, 126, '2025-08-26 03:03:39', NULL, 'present', NULL),
(28, 126, '2025-08-26 03:03:40', NULL, 'present', NULL),
(29, 126, '2025-08-26 03:19:21', NULL, 'present', NULL),
(30, 138, '2025-08-26 03:20:07', NULL, 'present', NULL),
(31, 138, '2025-08-26 03:20:08', NULL, 'present', NULL),
(32, 126, '2025-08-26 03:29:44', NULL, 'present', NULL),
(33, 126, '2025-08-26 03:29:44', NULL, 'present', NULL),
(34, 126, '2025-08-26 17:09:00', NULL, 'present', NULL),
(35, 126, '2025-08-26 17:09:00', NULL, 'present', NULL),
(36, 130, '2025-08-26 21:00:02', NULL, 'present', NULL),
(37, 130, '2025-08-26 21:00:02', NULL, 'present', NULL),
(38, 137, '2025-08-26 21:07:13', NULL, 'present', NULL),
(39, 137, '2025-08-26 21:07:13', NULL, 'present', NULL),
(40, 127, '2025-08-26 21:15:50', NULL, 'present', NULL),
(41, 127, '2025-08-26 21:15:50', NULL, 'present', NULL),
(42, 126, '2025-08-27 13:23:41', NULL, 'present', NULL),
(43, 126, '2025-08-27 13:23:41', NULL, 'present', NULL),
(44, 126, '2025-08-27 14:16:06', NULL, 'present', NULL),
(45, 130, '2025-08-28 22:48:24', NULL, 'present', NULL),
(46, 130, '2025-08-28 22:48:24', NULL, 'present', NULL),
(47, 126, '2025-09-02 01:40:18', NULL, 'present', NULL),
(48, 126, '2025-09-02 01:40:18', NULL, 'present', NULL),
(49, 130, '2025-09-02 01:40:38', NULL, 'present', NULL),
(50, 130, '2025-09-02 01:40:38', NULL, 'present', NULL),
(51, 130, '2025-09-06 19:42:16', NULL, 'present', NULL),
(52, 137, '2025-09-06 19:49:49', NULL, 'present', NULL),
(53, 137, '2025-09-06 19:49:49', NULL, 'present', NULL),
(54, 126, '2025-09-09 22:36:07', NULL, 'present', NULL),
(55, 126, '2025-09-09 22:36:07', NULL, 'present', NULL),
(56, 130, '2025-09-09 23:11:43', NULL, 'present', NULL),
(57, 130, '2025-09-09 23:11:44', NULL, 'present', NULL),
(58, 126, '2025-09-11 16:28:33', NULL, 'present', NULL),
(59, 127, '2025-09-11 16:28:54', NULL, 'present', NULL),
(60, 130, '2025-09-11 21:33:10', NULL, 'present', NULL),
(61, 130, '2025-09-11 21:42:07', NULL, 'present', NULL),
(62, 130, '2025-09-11 21:42:07', NULL, 'present', NULL),
(63, 137, '2025-09-11 21:42:45', NULL, 'present', NULL),
(64, 137, '2025-09-11 21:42:46', NULL, 'present', NULL);

-- --------------------------------------------------------

--
-- Table structure for table `categories`
--

CREATE TABLE `categories` (
  `cate_id` int(11) NOT NULL,
  `cate_name` varchar(100) NOT NULL,
  `description` text DEFAULT NULL,
  `cate_color` varchar(10) DEFAULT NULL,
  `cate_icon` varchar(10) DEFAULT NULL
) ENGINE=InnoDB DEFAULT CHARSET=utf8mb4 COLLATE=utf8mb4_general_ci;

--
-- Dumping data for table `categories`
--

INSERT INTO `categories` (`cate_id`, `cate_name`, `description`, `cate_color`, `cate_icon`) VALUES
(1, 'เมนูโรตี', 'รวมเมนูโรตีทุกรูปแบบ', NULL, NULL),
(2, 'เครื่องดื่ม', 'เมนูน้ำต่าง ๆ', NULL, NULL),
(3, 'เมนูยอดฮิต', 'เมนูขายดีประจำร้าน', NULL, NULL),
(4, 'เมนูแนะนำ', 'เมนูพิเศษที่ทางร้านแนะนำ', NULL, NULL),
(5, 'เครื่องดื่มร้อน', 'เมนูเครื่องดื่มร้อน', NULL, NULL),
(6, 'เครื่องดื่มเย็น', 'เมนูเครื่องดื่มเย็น', NULL, NULL),
(7, 'ของแห้ง', 'วัตถุดิบที่เป็นของแห้ง', NULL, NULL),
(8, 'ของสด', 'วัตถุดิบที่เป็นของสด', NULL, NULL),
(9, 'ของเหลว', 'วัตถุดิบที่เป็นของเหลว', NULL, NULL),
(10, 'เครื่องปรุง', 'เครื่องปรุงอหาร', NULL, NULL);

-- --------------------------------------------------------

--
-- Table structure for table `ingredient`
--

CREATE TABLE `ingredient` (
  `ingredient_id` int(11) NOT NULL,
  `Recipes_id` int(3) NOT NULL,
  `material_id` int(3) NOT NULL,
  `ingr_quantity` decimal(4,2) NOT NULL,
  `Unit_id` int(3) NOT NULL,
  `created_at` datetime NOT NULL DEFAULT current_timestamp(),
  `updated_at` datetime NOT NULL DEFAULT current_timestamp()
) ENGINE=InnoDB DEFAULT CHARSET=utf8mb4 COLLATE=utf8mb4_general_ci;

--
-- Dumping data for table `ingredient`
--

INSERT INTO `ingredient` (`ingredient_id`, `Recipes_id`, `material_id`, `ingr_quantity`, `Unit_id`, `created_at`, `updated_at`) VALUES
(128, 9, 1, 42.00, 6, '2025-08-26 05:31:49', '2025-08-26 05:31:49'),
(129, 9, 2, 2.00, 10, '2025-08-26 05:31:49', '2025-08-26 05:31:49'),
(130, 9, 3, 1.00, 10, '2025-08-26 05:31:49', '2025-08-26 05:31:49'),
(131, 9, 4, 1.00, 10, '2025-08-26 05:31:49', '2025-08-26 05:31:49'),
(132, 9, 5, 1.00, 7, '2025-08-26 05:31:49', '2025-08-26 05:31:49'),
(133, 9, 6, 1.00, 10, '2025-08-26 05:31:49', '2025-08-26 05:31:49'),
(134, 9, 7, 1.00, 10, '2025-08-26 05:31:49', '2025-08-26 05:31:49'),
(135, 9, 8, 63.00, 11, '2025-08-26 05:31:49', '2025-08-26 05:31:49'),
(163, 3, 1, 42.00, 6, '2025-08-26 05:32:49', '2025-08-26 05:32:49'),
(164, 3, 2, 2.00, 10, '2025-08-26 05:32:49', '2025-08-26 05:32:49'),
(165, 3, 3, 1.00, 10, '2025-08-26 05:32:49', '2025-08-26 05:32:49'),
(166, 3, 4, 1.00, 10, '2025-08-26 05:32:49', '2025-08-26 05:32:49'),
(167, 3, 5, 2.00, 7, '2025-08-26 05:32:49', '2025-08-26 05:32:49'),
(168, 3, 6, 1.00, 10, '2025-08-26 05:32:49', '2025-08-26 05:32:49'),
(169, 3, 7, 1.00, 10, '2025-08-26 05:32:49', '2025-08-26 05:32:49'),
(170, 3, 8, 63.00, 11, '2025-08-26 05:32:49', '2025-08-26 05:32:49'),
(171, 3, 9, 1.50, 8, '2025-08-26 05:32:49', '2025-08-26 05:32:49'),
(172, 1, 1, 42.00, 6, '2025-08-26 05:33:10', '2025-08-26 05:33:10'),
(173, 1, 2, 2.00, 10, '2025-08-26 05:33:10', '2025-08-26 05:33:10'),
(174, 1, 3, 1.00, 10, '2025-08-26 05:33:10', '2025-08-26 05:33:10'),
(175, 1, 4, 1.00, 10, '2025-08-26 05:33:10', '2025-08-26 05:33:10'),
(176, 1, 5, 1.00, 7, '2025-08-26 05:33:10', '2025-08-26 05:33:10'),
(177, 1, 6, 1.00, 10, '2025-08-26 05:33:10', '2025-08-26 05:33:10'),
(178, 1, 7, 1.00, 10, '2025-08-26 05:33:10', '2025-08-26 05:33:10'),
(179, 1, 8, 63.00, 11, '2025-08-26 05:33:10', '2025-08-26 05:33:10'),
(180, 4, 1, 42.00, 6, '2025-08-26 05:33:54', '2025-08-26 05:33:54'),
(181, 4, 2, 2.00, 10, '2025-08-26 05:33:54', '2025-08-26 05:33:54'),
(182, 4, 3, 1.00, 10, '2025-08-26 05:33:54', '2025-08-26 05:33:54'),
(183, 4, 4, 1.00, 10, '2025-08-26 05:33:54', '2025-08-26 05:33:54'),
(184, 4, 5, 2.00, 8, '2025-08-26 05:33:54', '2025-08-26 05:33:54'),
(185, 4, 6, 1.00, 10, '2025-08-26 05:33:54', '2025-08-26 05:33:54'),
(186, 4, 7, 1.00, 10, '2025-08-26 05:33:54', '2025-08-26 05:33:54'),
(187, 4, 8, 63.00, 11, '2025-08-26 05:33:54', '2025-08-26 05:33:54'),
(188, 4, 10, 2.00, 2, '2025-08-26 05:33:54', '2025-08-26 05:33:54'),
(189, 7, 1, 42.00, 11, '2025-08-26 05:34:29', '2025-08-26 05:34:29'),
(190, 7, 2, 2.00, 10, '2025-08-26 05:34:29', '2025-08-26 05:34:29'),
(191, 7, 3, 1.00, 10, '2025-08-26 05:34:29', '2025-08-26 05:34:29'),
(192, 7, 4, 1.00, 10, '2025-08-26 05:34:29', '2025-08-26 05:34:29'),
(193, 7, 5, 1.00, 8, '2025-08-26 05:34:29', '2025-08-26 05:34:29'),
(194, 7, 6, 1.00, 10, '2025-08-26 05:34:29', '2025-08-26 05:34:29'),
(195, 7, 7, 4.00, 10, '2025-08-26 05:34:29', '2025-08-26 05:34:29'),
(196, 7, 8, 63.00, 11, '2025-08-26 05:34:29', '2025-08-26 05:34:29'),
(205, 2, 1, 42.00, 6, '2025-08-26 05:35:11', '2025-08-26 05:35:11'),
(206, 2, 2, 2.00, 10, '2025-08-26 05:35:11', '2025-08-26 05:35:11'),
(207, 2, 3, 1.00, 10, '2025-08-26 05:35:11', '2025-08-26 05:35:11'),
(208, 2, 4, 1.00, 10, '2025-08-26 05:35:11', '2025-08-26 05:35:11'),
(209, 2, 5, 2.00, 7, '2025-08-26 05:35:11', '2025-08-26 05:35:11'),
(210, 2, 6, 1.00, 10, '2025-08-26 05:35:11', '2025-08-26 05:35:11'),
(211, 2, 7, 1.00, 10, '2025-08-26 05:35:11', '2025-08-26 05:35:11'),
(212, 2, 8, 63.00, 11, '2025-08-26 05:35:11', '2025-08-26 05:35:11'),
(213, 8, 1, 42.00, 6, '2025-08-26 05:35:54', '2025-08-26 05:35:54'),
(214, 8, 2, 2.00, 10, '2025-08-26 05:35:54', '2025-08-26 05:35:54'),
(215, 8, 3, 1.00, 10, '2025-08-26 05:35:54', '2025-08-26 05:35:54'),
(216, 8, 4, 1.00, 10, '2025-08-26 05:35:54', '2025-08-26 05:35:54'),
(217, 8, 5, 1.00, 8, '2025-08-26 05:35:54', '2025-08-26 05:35:54'),
(218, 8, 6, 1.00, 10, '2025-08-26 05:35:54', '2025-08-26 05:35:54'),
(219, 8, 7, 1.00, 10, '2025-08-26 05:35:54', '2025-08-26 05:35:54'),
(220, 8, 8, 63.00, 11, '2025-08-26 05:35:54', '2025-08-26 05:35:54'),
(221, 8, 12, 12.00, 6, '2025-08-26 05:35:54', '2025-08-26 05:35:54'),
(232, 10, 13, 3.00, 10, '2025-09-11 21:41:34', '2025-09-11 21:41:34'),
(233, 10, 16, 1.00, 2, '2025-09-11 21:41:34', '2025-09-11 21:41:34'),
(234, 10, 19, 2.00, 2, '2025-09-11 21:41:34', '2025-09-11 21:41:34'),
(235, 10, 20, 1.00, 2, '2025-09-11 21:41:34', '2025-09-11 21:41:34'),
(236, 10, 21, 0.50, 2, '2025-09-11 21:41:34', '2025-09-11 21:41:34'),
(237, 10, 22, 1.00, 10, '2025-09-11 21:41:34', '2025-09-11 21:41:34'),
(238, 10, 23, 1.00, 2, '2025-09-11 21:41:34', '2025-09-11 21:41:34'),
(239, 10, 24, 1.00, 10, '2025-09-11 21:41:34', '2025-09-11 21:41:34'),
(240, 10, 87, 2.50, 9, '2025-09-11 21:41:34', '2025-09-11 21:41:34'),
(241, 10, 88, 1.00, 2, '2025-09-11 21:41:34', '2025-09-11 21:41:34');

-- --------------------------------------------------------

--
-- Table structure for table `leave_requests`
--

CREATE TABLE `leave_requests` (
  `leave_id` int(11) NOT NULL,
  `user_id` int(11) NOT NULL,
  `leave_type` enum('sick','personal','vacation','other') NOT NULL,
  `start_date` date NOT NULL,
  `end_date` date NOT NULL,
  `reason` varchar(255) DEFAULT NULL,
  `status` enum('pending','approved','rejected') NOT NULL DEFAULT 'pending',
  `approved_by` int(11) DEFAULT NULL
) ENGINE=InnoDB DEFAULT CHARSET=utf8mb4 COLLATE=utf8mb4_general_ci;

--
-- Dumping data for table `leave_requests`
--

INSERT INTO `leave_requests` (`leave_id`, `user_id`, `leave_type`, `start_date`, `end_date`, `reason`, `status`, `approved_by`) VALUES
(1, 126, 'sick', '2025-08-24', '2025-08-25', 'ไข้ขึ้น', 'approved', 126),
(2, 126, 'sick', '2025-08-24', '2025-08-25', 'ไข้ขึ้น', 'rejected', 126),
(3, 126, 'sick', '2025-08-24', '2025-08-25', 'ไข้ขึ้น', 'rejected', 126),
(4, 126, 'personal', '2025-08-24', '2025-08-26', 'ไปเยี่ยมญาติ', 'rejected', 130),
(5, 137, 'sick', '2025-08-24', '2025-08-26', 'ท้องเสีย', 'approved', 130),
(6, 137, 'personal', '2025-08-25', '2025-08-27', 'ไปเยี่ยมญาติที่ป่วยหนัก', 'approved', 130),
(7, 138, 'sick', '2025-08-27', '2025-08-28', 'ปวดหัว', 'approved', 130),
(8, 137, 'personal', '2025-08-25', '2025-08-26', 'ต้องรีบกลับบ้าน', 'approved', 130),
(9, 137, 'personal', '2025-08-25', '2025-08-26', 'ต้องรีบกลับบ้าน', 'approved', 130),
(10, 137, 'sick', '2025-08-25', '2025-08-26', 'กลับบ้าน', 'approved', 130),
(11, 137, 'sick', '2025-08-25', '2025-08-26', 'กลับบ้าน', 'approved', 130),
(12, 137, 'sick', '2025-08-25', '2025-08-26', 'ลา', 'approved', 130),
(13, 137, 'personal', '2025-08-29', '2025-08-31', NULL, 'approved', 130),
(14, 138, 'personal', '2025-08-26', '2025-08-27', 'ไปรับยาที่รพ.ให้คุณยาย', 'approved', 130),
(15, 138, 'personal', '2025-08-27', '2025-08-28', NULL, 'approved', 130),
(16, 137, 'personal', '2025-08-26', '2025-08-28', NULL, 'approved', 130);

-- --------------------------------------------------------

--
-- Table structure for table `material`
--

CREATE TABLE `material` (
  `material_id` int(3) NOT NULL,
  `material_name` varchar(25) NOT NULL,
  `material_quantity` decimal(7,2) NOT NULL,
  `base_quantity` decimal(10,2) NOT NULL COMMENT 'ปริมาณในหน่วยย่อยที่สุด (กรัม, มล., หน่วย)',
  `base_unit` varchar(10) NOT NULL COMMENT 'หน่วยย่อยที่สุด',
  `expiry_date` date DEFAULT NULL,
  `min_stock` decimal(10,2) DEFAULT NULL,
  `max_stock` decimal(10,2) DEFAULT NULL,
  `price_per_unit` decimal(10,2) DEFAULT NULL,
  `supplier` varchar(100) DEFAULT NULL,
  `Unit_id` int(3) NOT NULL,
  `unit_name` varchar(20) NOT NULL,
  `created_at` datetime NOT NULL DEFAULT current_timestamp(),
  `updated_at` datetime NOT NULL DEFAULT current_timestamp()
) ENGINE=InnoDB DEFAULT CHARSET=utf8mb4 COLLATE=utf8mb4_general_ci;

--
-- Dumping data for table `material`
--

INSERT INTO `material` (`material_id`, `material_name`, `material_quantity`, `base_quantity`, `base_unit`, `expiry_date`, `min_stock`, `max_stock`, `price_per_unit`, `supplier`, `Unit_id`, `unit_name`, `created_at`, `updated_at`) VALUES
(1, 'แป้ง', 3.70, 3698.00, 'กรัม', '0000-00-00', 10.00, NULL, NULL, NULL, 1, 'กิโลกรัม', '2025-05-26 21:59:46', '2025-05-26 21:59:46'),
(2, 'น้ำตาล', 6.00, 30.00, 'มล.', '0000-00-00', 5.00, 50.00, 16.00, 'ตลาดสด', 10, 'ช้อนโต๊ะ', '2025-05-26 21:59:46', '2025-05-26 21:59:46'),
(3, 'นม', 99.67, 1495.00, 'มล.', '0000-00-00', 10.00, 100.00, 25.00, 'ตลาดสด', 2, 'ช้อนโต๊ะ', '2025-05-26 21:59:46', '2025-05-26 21:59:46'),
(4, 'เกลือ', 63.67, 955.00, 'มล.', '2025-08-09', 10.00, 100.00, 3.00, NULL, 2, 'ช้อนโต๊ะ', '2025-05-26 21:59:46', '2025-05-26 21:59:46'),
(5, 'ไข่', 90.00, 90.00, 'ฟอง', NULL, 10.00, 200.00, NULL, NULL, 7, 'ฟอง', '2025-05-26 21:59:46', '2025-05-26 21:59:46'),
(6, 'น้ำมัน', 1386.00, 20790.00, 'มล.', NULL, 20.00, 200.00, NULL, NULL, 2, 'ช้อนโต๊ะ', '2025-05-26 21:59:46', '2025-05-26 21:59:46'),
(7, 'เนย', 1287.00, 19305.00, 'มล.', NULL, 20.00, 200.00, NULL, NULL, 2, 'ช้อนโต๊ะ', '2025-05-26 21:59:46', '2025-05-26 21:59:46'),
(8, 'น้ำเปล่า', 299.00, 299.00, 'มล.', NULL, 20.00, 200.00, NULL, NULL, 11, 'ลิตร', '2025-05-26 21:59:46', '2025-05-26 21:59:46'),
(9, 'กล้วย', 84.50, 84.50, 'ลูก', NULL, 10.00, NULL, NULL, NULL, 8, 'ลูก', '2025-05-26 21:59:46', '2025-05-26 21:59:46'),
(10, 'เนื้อไก่', 188.00, 2820.00, 'มล.', NULL, NULL, NULL, NULL, NULL, 2, 'ช้อนโต๊ะ', '2025-05-26 21:59:46', '2025-05-26 21:59:46'),
(12, 'ไมโล', 72.00, 72.00, 'กรัม', NULL, 20.00, 300.00, NULL, NULL, 6, 'กรัม', '2025-05-26 21:59:46', '2025-05-26 21:59:46'),
(13, 'พริก', 0.87, 874.00, 'มล.', NULL, NULL, NULL, NULL, NULL, 4, 'ขีด', '2025-05-26 21:59:46', '2025-05-26 21:59:46'),
(14, 'หอม', 0.50, 50.00, 'กรัม', NULL, NULL, NULL, NULL, NULL, 5, 'ขีด', '2025-05-26 21:59:46', '2025-05-26 21:59:46'),
(16, 'ผักบุ้ง', 10.00, 10000.00, 'กรัม', NULL, NULL, NULL, NULL, NULL, 1, 'ช้อนโต๊ะ', '2025-05-26 21:59:46', '2025-05-26 21:59:46'),
(19, 'ปลาบด', 2.00, 2000.00, 'กรัม', NULL, NULL, NULL, NULL, NULL, 1, 'ช้อนโต๊ะ', '2025-05-26 21:59:46', '2025-05-26 21:59:46'),
(20, 'มะพร้าวคั่ว', 2.00, 2000.00, 'กรัม', NULL, NULL, NULL, NULL, NULL, 1, 'ช้อนโต๊ะ', '2025-05-26 21:59:46', '2025-05-26 21:59:46'),
(21, 'บูดู', 5.00, 5000.00, 'มล.', NULL, NULL, NULL, NULL, NULL, 4, 'ช้อนโต๊ะ', '2025-05-26 21:59:46', '2025-05-26 21:59:46'),
(22, 'สีผสมอาหาร', 30.00, 30.00, 'กรัม', NULL, NULL, NULL, NULL, NULL, 6, 'ช้อนโต๊ะ', '2025-05-26 21:59:46', '2025-05-26 21:59:46'),
(23, 'ถั่วงอก', 3.00, 3000.00, 'กรัม', NULL, NULL, NULL, NULL, NULL, 1, 'ขีด', '2025-05-26 21:59:46', '2025-05-26 21:59:46'),
(24, 'พริกไทย', 10.00, 10.00, 'กรัม', '0000-00-00', NULL, NULL, NULL, NULL, 6, 'มิลลิลิตร', '2025-05-26 21:59:46', '2025-05-26 21:59:46'),
(25, 'ผงชาไทย', 1.00, 15.00, 'มล.', NULL, NULL, NULL, NULL, NULL, 2, 'ช้อนโต๊ะ', '2025-05-26 21:59:46', '2025-05-26 21:59:46'),
(26, 'ผงชาเขียว', 1.00, 15.00, 'มล.', NULL, NULL, NULL, NULL, NULL, 2, 'ช้อนโต๊ะ', '2025-05-26 21:59:46', '2025-05-26 21:59:46'),
(27, 'ผงโก้โก้', 99.99, 99.99, 'กรัม', NULL, NULL, NULL, NULL, NULL, 6, 'กรัม', '2025-05-26 21:59:46', '2025-05-26 21:59:46'),
(28, 'ผงเนสกาแฟ', 99.99, 99.99, 'กรัม', NULL, NULL, NULL, NULL, NULL, 6, 'กรัม', '2025-05-26 21:59:46', '2025-05-26 21:59:46'),
(29, 'โอวัลติน', 3.00, 15.00, 'มล.', NULL, NULL, NULL, NULL, NULL, 10, 'ช้อนชา', '2025-05-26 21:59:46', '2025-05-26 21:59:46'),
(30, 'กาแฟซอง', 20.00, 20.00, 'กรัม', NULL, NULL, NULL, NULL, NULL, 6, 'กรัม', '2025-05-26 21:59:46', '2025-05-26 21:59:46'),
(32, 'เฮลูบอยแดง', 99.99, 99.99, 'มล.', NULL, NULL, NULL, NULL, NULL, 11, 'มิลลิลิตร', '2025-05-26 21:59:46', '2025-05-26 21:59:46'),
(33, 'เฮลูบอยเขียว', 99.99, 99.99, 'มล.', NULL, NULL, NULL, NULL, NULL, 11, 'มิลลิลิตร', '2025-05-26 21:59:46', '2025-05-26 21:59:46'),
(34, 'นมจืด', 5.00, 75.00, '0', NULL, NULL, NULL, NULL, NULL, 2, 'กรัม', '2025-05-26 21:59:46', '2025-05-26 21:59:46'),
(35, 'โซดา', 20.00, 20.00, 'มล.', NULL, NULL, NULL, NULL, NULL, 11, 'มิลลิลิตร', '2025-06-22 21:38:19', '2025-06-22 21:38:19'),
(64, 'ผงโอวัลตินซองแล็ก', 34.00, 170.00, 'มล.', NULL, NULL, NULL, NULL, NULL, 10, 'ช้อนชา', '2025-07-02 11:41:22', '2025-07-02 11:41:22'),
(71, 'ไข่ทองคำ', 20.00, 20.00, 'หน่วย', '2025-08-09', 10.00, 100.00, 7.00, '0', 7, 'ฟอง', '2025-07-30 14:36:06', '2025-07-30 14:36:06'),
(72, 'ผงเนสกาแฟ', 99.99, 99.99, 'กรัม', NULL, NULL, NULL, NULL, NULL, 6, 'กรัม', '2025-05-26 21:59:46', '2025-05-26 21:59:46'),
(73, 'โอวัลติน', 3.00, 15.00, 'มล.', NULL, NULL, NULL, NULL, NULL, 10, 'ช้อนชา', '2025-05-26 21:59:46', '2025-05-26 21:59:46'),
(75, 'มะนาว', 1.00, 15.00, 'มล.', NULL, NULL, NULL, NULL, NULL, 2, 'ช้อนโต๊ะ', '2025-05-26 21:59:46', '2025-05-26 21:59:46'),
(76, 'เฮลูบอยแดง', 99.99, 99.99, 'มล.', NULL, NULL, NULL, NULL, NULL, 11, 'มิลลิลิตร', '2025-05-26 21:59:46', '2025-05-26 21:59:46'),
(77, 'เฮลูบอยเขียว', 99.99, 99.99, 'มล.', NULL, NULL, NULL, NULL, NULL, 11, 'มิลลิลิตร', '2025-05-26 21:59:46', '2025-05-26 21:59:46'),
(78, 'นมจืด', 99.99, 99.99, 'กรัม', NULL, NULL, NULL, NULL, NULL, 6, 'กรัม', '2025-05-26 21:59:46', '2025-05-26 21:59:46'),
(79, 'โซดา', 50.00, 50.00, '0', NULL, 20.00, NULL, NULL, NULL, 11, 'มิลลิลิตร', '2025-06-22 21:38:19', '2025-06-22 21:38:19'),
(80, 'ผงโอวัลตินซองแล็ก', 34.00, 170.00, 'มล.', NULL, NULL, NULL, NULL, NULL, 10, 'ช้อนชา', '2025-07-02 11:41:22', '2025-07-02 11:41:22'),
(85, 'แป้งนุ่ม', 20.00, 20.00, 'กรัม', '2025-08-31', 10.00, 100.00, NULL, 'ตลาดสด', 6, '', '2025-08-23 13:35:58', '2025-08-23 13:35:58'),
(86, 'น้ำตาลทองคำ', 30.00, 30000.00, '0', '2025-09-20', 10.00, 100.00, NULL, 'ตลาดสด', 1, '', '2025-08-23 13:35:58', '2025-08-23 13:35:58'),
(87, 'ข้าว', 10.00, 10000.00, 'กรัม', '0000-00-00', 1.00, 10.00, NULL, NULL, 1, '', '2025-08-23 14:56:13', '2025-08-23 14:56:13'),
(88, 'กะหล่ำปลี1', 100.00, 100000.00, 'กรัม', NULL, 20.00, 50.00, NULL, NULL, 1, '', '2025-09-05 21:06:32', '2025-09-05 21:06:32');

-- --------------------------------------------------------

--
-- Table structure for table `mate_cate`
--

CREATE TABLE `mate_cate` (
  `mate_id` int(3) NOT NULL,
  `material_id` int(11) NOT NULL,
  `material_name` varchar(25) NOT NULL,
  `cate_id` int(11) NOT NULL,
  `cate_name` varchar(25) NOT NULL
) ENGINE=InnoDB DEFAULT CHARSET=utf8mb4 COLLATE=utf8mb4_general_ci;

--
-- Dumping data for table `mate_cate`
--

INSERT INTO `mate_cate` (`mate_id`, `material_id`, `material_name`, `cate_id`, `cate_name`) VALUES
(14, 14, 'หอม', 8, 'ของสด'),
(25, 25, 'ผงชาไทย', 7, 'ของแห้ง'),
(26, 26, 'ผงชาเขียว', 7, 'ของแห้ง'),
(27, 27, 'ผงโกโก้', 7, 'ของแห้ง'),
(28, 28, 'ผงเนสกาแฟ', 7, 'ของแห้ง'),
(29, 29, 'โอวัลติน', 7, 'ของแห้ง'),
(30, 30, 'กาแฟซอง', 7, 'ของแห้ง'),
(32, 32, 'เฮลูบอยแดง', 9, 'ของเหลว'),
(33, 33, 'เฮลูบอยเขียว', 9, 'ของเหลว'),
(35, 35, 'โซดา', 9, 'ของเหลว'),
(45, 71, 'ไข่ทองคำ', 8, 'ของสด'),
(56, 4, 'เกลือ', 7, 'ของแห้ง'),
(76, 85, 'แป้งนุ่ม', 7, 'ของแห้ง'),
(82, 10, 'เนื้อไก่', 8, 'ของสด'),
(84, 12, 'ไมโล', 7, 'ของแห้ง'),
(88, 6, 'น้ำมัน', 9, 'ของเหลว'),
(89, 7, 'เนย', 8, 'ของสด'),
(90, 8, 'น้ำเปล่า', 9, 'ของเหลว'),
(115, 79, '', 9, ''),
(116, 86, '', 7, ''),
(122, 1, '', 7, ''),
(127, 88, '', 8, ''),
(128, 3, '', 9, ''),
(130, 5, '', 8, ''),
(136, 87, '', 7, ''),
(137, 23, '', 8, ''),
(138, 19, '', 7, ''),
(140, 21, '', 9, ''),
(142, 20, '', 7, ''),
(145, 13, '', 8, ''),
(146, 22, '', 7, ''),
(147, 24, '', 7, ''),
(148, 24, '', 10, ''),
(151, 9, '', 8, ''),
(152, 16, '', 8, '');

-- --------------------------------------------------------

--
-- Table structure for table `menu`
--

CREATE TABLE `menu` (
  `menu_ID` int(3) NOT NULL,
  `menu_name` varchar(25) NOT NULL,
  `menu_price` float(6,2) NOT NULL,
  `menu_image` varchar(255) DEFAULT NULL,
  `menu_quantity` int(3) NOT NULL COMMENT 'จำนวนเมนู',
  `created_at` datetime DEFAULT current_timestamp(),
  `visible` tinyint(1) DEFAULT 1,
  `updated_at` datetime NOT NULL DEFAULT current_timestamp() ON UPDATE current_timestamp(),
  `Recipes_id` int(11) DEFAULT NULL
) ENGINE=InnoDB DEFAULT CHARSET=utf8mb4 COLLATE=utf8mb4_general_ci;

--
-- Dumping data for table `menu`
--

INSERT INTO `menu` (`menu_ID`, `menu_name`, `menu_price`, `menu_image`, `menu_quantity`, `created_at`, `visible`, `updated_at`, `Recipes_id`) VALUES
(2, 'โรตีไข่', 17.00, 'picture/egg.jpg', 20, '0000-00-00 00:00:00', 1, '2025-08-14 21:48:13', 2),
(3, 'โรตีกล้วย', 25.00, 'picture/banana.jpg', 10, '0000-00-00 00:00:00', 1, '2025-08-13 14:39:07', 3),
(4, 'โรตีมะตะบะ', 25.00, 'picture\\mataba.jpg', 0, '0000-00-00 00:00:00', 1, '2025-08-13 14:39:07', 4),
(5, 'โรตีแกง', 16.00, 'picture\\kang.jpg', 0, '0000-00-00 00:00:00', 1, '2025-05-24 18:16:19', NULL),
(6, 'โรตีกรอบ', 16.00, 'picture/gob.jpg', 0, '0000-00-00 00:00:00', 1, '2025-08-20 15:17:29', 9),
(7, 'โรตีระเบิด', 15.00, 'picture\\bomb.jpg', 0, '0000-00-00 00:00:00', 1, '2025-08-13 14:39:07', 7),
(8, 'โรตีไมโล', 15.00, 'picture\\milo.jpg', 0, '0000-00-00 00:00:00', 1, '2025-08-13 14:39:07', 8),
(9, 'ชาร้อน', 12.00, NULL, 1, '0000-00-00 00:00:00', 0, '2025-06-30 03:11:32', NULL),
(10, 'ชาดำ', 5.00, 'picture/O.jpg', 1, '0000-00-00 00:00:00', 0, '2025-07-18 21:02:11', NULL),
(11, 'ชาเขียวออ', 8.00, NULL, 1, '0000-00-00 00:00:00', 0, '2025-05-24 18:28:25', NULL),
(12, 'ชาเขียวนม', 12.00, NULL, 1, '0000-00-00 00:00:00', 0, '2025-05-24 18:28:25', NULL),
(13, 'ชามะนาว', 12.00, 'picture/c388df5cedaf4222ac1d89c5af3ceefc.jpg', 1, '0000-00-00 00:00:00', 0, '2025-07-30 03:08:42', NULL),
(14, 'กาแฟออร้อน', 8.00, NULL, 1, '0000-00-00 00:00:00', 0, '2025-05-24 18:28:27', NULL),
(15, 'กาแฟร้อน', 12.00, NULL, 1, '0000-00-00 00:00:00', 0, '2025-05-24 18:28:28', NULL),
(16, 'กาแฟซองร้อน', 12.00, NULL, 1, '0000-00-00 00:00:00', 0, '2025-05-24 18:28:29', NULL),
(17, 'ไมโลออร้อน', 12.00, NULL, 1, '0000-00-00 00:00:00', 0, '2025-05-24 18:28:29', NULL),
(18, 'ไมโลร้อน', 12.00, NULL, 1, '0000-00-00 00:00:00', 0, '2025-05-24 18:28:30', NULL),
(19, 'โกโก้ร้อน', 12.00, NULL, 1, '0000-00-00 00:00:00', 0, '2025-05-24 18:28:30', NULL),
(20, 'โอวัลตินร้อน', 8.00, NULL, 1, '0000-00-00 00:00:00', 0, '2025-05-24 18:28:31', NULL),
(21, 'นมร้อน', 12.00, NULL, 1, '0000-00-00 00:00:00', 0, '2025-05-24 18:28:32', NULL),
(22, 'ชาดำเย็น', 12.00, 'picture/O.jpg', 1, '0000-00-00 00:00:00', 1, '2025-07-18 21:04:26', NULL),
(23, 'ชาเย็น', 12.00, 'picture/icetea.jpg', 1, '0000-00-00 00:00:00', 1, '2025-07-02 13:19:18', NULL),
(24, 'ชาเขียวออเย็น', 12.00, 'picture/green.jpg', 1, '0000-00-00 00:00:00', 1, '2025-07-02 13:19:22', NULL),
(25, 'ชาเขียวเย็น', 12.00, 'picture/ชาเขียวฟองนม.jpg', 1, '0000-00-00 00:00:00', 1, '2025-07-18 21:31:24', NULL),
(26, 'ชามะนาวเย็น', 12.00, NULL, 1, '0000-00-00 00:00:00', 0, '2025-07-18 21:08:00', NULL),
(27, 'กาแฟออเย็น', 12.00, 'picture/tea.jpg', 1, '0000-00-00 00:00:00', 1, '2025-07-02 13:19:32', NULL),
(28, 'กาแฟเย็น', 12.00, 'picture/cafe.jpg', 1, '0000-00-00 00:00:00', 1, '2025-07-02 13:19:36', NULL),
(29, 'กาแฟซองเย็น', 12.00, NULL, 1, '0000-00-00 00:00:00', 0, '2025-05-24 18:28:37', NULL),
(30, 'ไมโลออเย็น', 12.00, 'picture/tea.jpg', 1, '0000-00-00 00:00:00', 1, '2025-07-02 13:19:38', NULL),
(31, 'ไมโลเย็น', 12.00, NULL, 1, '0000-00-00 00:00:00', 0, '2025-05-24 18:28:38', NULL),
(32, 'โกโก้เย็น', 12.00, NULL, 1, '0000-00-00 00:00:00', 0, '2025-05-24 18:28:39', NULL),
(33, 'โอวัลตินเย็น', 12.00, NULL, 1, '0000-00-00 00:00:00', 0, '2025-05-24 18:28:39', NULL),
(34, 'นมเย็น', 12.00, NULL, 1, '0000-00-00 00:00:00', 0, '2025-05-24 18:28:41', NULL),
(35, 'นมชมพูเย็น', 12.00, NULL, 1, '0000-00-00 00:00:00', 0, '2025-05-24 18:28:41', NULL),
(36, 'นมเขียวเย็น', 12.00, NULL, 1, '0000-00-00 00:00:00', 0, '2025-05-24 18:28:41', NULL),
(37, 'แดงโซดา', 12.00, NULL, 1, '0000-00-00 00:00:00', 0, '2025-05-24 18:28:42', NULL),
(38, 'เขียวโซดา', 12.00, NULL, 1, '0000-00-00 00:00:00', 0, '2025-05-24 18:28:43', NULL),
(62, 'โรตีรวมมิตร', 31.00, 'picture/egg.jpg', 20, '2025-07-01 15:33:48', 1, '2025-07-01 21:39:25', NULL),
(64, 'โรตีปลาดาว', 50.00, 'picture/bomb.jpg', 20, '2025-07-02 15:10:17', 1, '2025-07-18 21:35:49', NULL),
(66, 'ชามะนาวไม่เปรี้ยว', 20.00, '../uploads/menu/1753255402_วิธีทำชามะนาว.jpg', 2, '2025-07-23 14:23:22', 0, '2025-07-30 12:05:35', NULL),
(67, 'น้ำแข็ง', 10.00, NULL, 31, '2025-07-30 14:07:01', 1, '2025-07-30 14:07:01', NULL),
(68, 'โรตีคนรวย', 1500.00, NULL, 2, '2025-08-09 19:46:22', 1, '2025-08-09 19:46:22', NULL),
(73, 'ข้าวยำ', 10.00, '/../picture/1757259955_logo.png', 10, '2025-09-07 22:45:55', 1, '2025-09-08 15:40:15', 10);

-- --------------------------------------------------------

--
-- Table structure for table `menu_categories`
--

CREATE TABLE `menu_categories` (
  `id` int(11) NOT NULL,
  `menu_ID` int(11) NOT NULL,
  `menu_name` varchar(25) NOT NULL,
  `cate_id` int(11) NOT NULL,
  `cate_name` varchar(25) NOT NULL
) ENGINE=InnoDB DEFAULT CHARSET=utf8mb4 COLLATE=utf8mb4_general_ci;

--
-- Dumping data for table `menu_categories`
--

INSERT INTO `menu_categories` (`id`, `menu_ID`, `menu_name`, `cate_id`, `cate_name`) VALUES
(10, 5, 'โรตีแกง', 1, 'เมนูโรตี'),
(11, 5, 'โรตีแกง', 3, 'เมนูยอดฮิต'),
(12, 5, 'โรตีแกง', 4, 'เมนูแนะนำ'),
(17, 8, 'โรตีไมโล', 1, 'เมนูโรตี'),
(18, 8, 'โรตีไมโล', 3, 'เมนูยอดฮิต'),
(19, 9, 'ชาร้อน', 2, 'เครื่องดื่ม'),
(20, 9, 'ชาร้อน', 5, 'เครื่องดื่มร้อน'),
(27, 14, 'กาแฟออร้อน', 2, 'เครื่องดื่ม'),
(28, 14, 'กาแฟนออร้อน', 5, 'เครื่องดื่มร้อน'),
(29, 15, 'กาแฟร้อน', 2, 'เครื่องดื่ม'),
(30, 15, 'กาแฟร้อน', 5, 'เครื่องดื่มร้อน'),
(31, 16, 'กาแฟซองร้อน', 2, 'เครื่องดื่ม'),
(32, 16, 'กาแฟซองร้อน', 5, 'เครื่องดื่มร้อน'),
(33, 17, 'ไมโลออร้อน', 2, 'เครื่องดื่ม'),
(34, 17, 'ไมโลออร้อน', 5, 'เครื่องดื่มร้อน'),
(35, 18, 'ไมโลร้อน', 2, 'เครื่องดื่ม'),
(36, 18, 'ไมโลร้อน', 5, 'เครื่องดื่มร้อน'),
(37, 19, 'โกโก้ร้อน', 2, 'เครื่องดื่ม'),
(38, 19, 'โกโก้ร้อน', 5, 'เครื่องดื่มร้อน'),
(39, 20, 'โอวัลติน', 2, 'เครื่องดื่ม'),
(40, 20, 'โอวัลติน', 5, 'เครื่องดื่มร้อน'),
(41, 21, 'นมร้อน', 2, 'เครื่องดื่ม'),
(42, 21, 'นมร้อน', 5, 'เครื่องดื่มร้อน'),
(80, 62, 'โรตีรวมมิตร', 1, 'เมนูโรตี'),
(81, 62, 'โรตีรวมมิตร', 4, 'เมนูแนะนำ'),
(96, 11, 'ชาเขียวออ', 2, 'เครื่องดื่ม'),
(97, 11, 'ชาเขียวออ', 5, 'เครื่องดื่มร้อน'),
(98, 12, 'ชาเขียวนม', 2, 'เครื่องดื่ม'),
(99, 12, 'ชาเขียวนม', 5, 'เครื่องดื่มร้อน'),
(112, 26, 'ชามะนาวเย็น', 2, 'เครื่องดื่ม'),
(113, 26, 'ชามะนาวเย็น', 6, 'เครื่องดื่มเย็น'),
(120, 31, 'ไมโลเย็น', 2, 'เครื่องดื่ม'),
(121, 31, 'ไมโลเย็น', 6, 'เครื่องดื่มเย็น'),
(122, 32, 'โกโก้เย็น', 2, 'เครื่องดื่ม'),
(123, 32, 'โกโก้เย็น', 6, 'เครื่องดื่มเย็น'),
(124, 33, 'โอวัลตินเย็น', 2, 'เครื่องดื่ม'),
(125, 33, 'โอวัลตินเย็น', 6, 'เครื่องดื่มเย็น'),
(126, 34, 'นมเย็น', 2, 'เครื่องดื่ม'),
(127, 34, 'นมเย็น', 6, 'เครื่องดื่มเย็น'),
(128, 35, 'นมชมพูเย็น', 2, 'เครื่องดื่ม'),
(129, 35, 'นมชมพูเย็น', 6, 'เครื่องดื่มเย็น'),
(130, 36, 'นมเขียวเย็น', 2, 'เครื่องดื่ม'),
(131, 36, 'นมเขียวเย็น', 6, 'เครื่องดื่มเย็น'),
(132, 37, 'แดงโซดา', 2, 'เครื่องดื่ม'),
(133, 37, 'แดงโซดา', 6, 'เครื่องดื่มเย็น'),
(134, 38, 'เขียวโซดา', 2, 'เครื่องดื่ม'),
(135, 38, 'เขียวโซดา', 6, 'เครื่องดื่มเย็น'),
(138, 23, 'ชาเย็น', 2, 'เครื่องดื่ม'),
(139, 23, 'ชาเย็น', 6, 'เครื่องดื่มเย็น'),
(140, 24, 'ชาเขียวออเย็น', 2, 'เครื่องดื่ม'),
(141, 24, 'ชาเขียวออเย็น', 6, 'เครื่องดื่มเย็น'),
(142, 27, 'กาแฟออเย็น', 2, 'เครื่องดื่ม'),
(143, 27, 'กาแฟออเย็น', 6, 'เครื่องดื่มเย็น'),
(144, 28, 'กาแฟเย็น', 2, 'เครื่องดื่ม'),
(145, 28, 'กาแฟเย็น', 6, 'เครื่องดื่มเย็น'),
(146, 30, 'ไมโลออเย็น', 2, 'เครื่องดื่ม'),
(147, 30, 'ไมโลออเย็น', 6, 'เครื่องดื่มเย็น'),
(151, 4, 'โรตีมะตะบะ', 1, 'เมนูโรตี'),
(152, 4, 'โรตีมะตะบะ', 4, 'เมนูแนะนำ'),
(167, 10, 'ชาดำ', 2, 'เครื่องดื่ม'),
(168, 10, 'ชาดำ', 5, 'เครื่องดื่มร้อน'),
(176, 2, 'โรตีไข่', 1, 'เมนูโรตี'),
(177, 2, 'โรตีไข่', 3, 'เมนูยอดฮิต'),
(178, 3, 'โรตีกล้วย', 1, 'เมนูโรตี'),
(179, 3, 'โรตีกล้วย', 3, 'เมนูยอดฮิต'),
(180, 3, 'โรตีกล้วย', 4, 'เมนูแนะนำ'),
(181, 22, 'ชาดำเย็น', 2, 'เครื่องดื่ม'),
(182, 22, 'ชาดำเย็น', 6, 'เครื่องดื่มเย็น'),
(185, 25, 'ชาเขียวเย็น', 2, 'เครื่องดื่ม'),
(186, 25, 'ชาเขียวเย็น', 6, 'เครื่องดื่มเย็น'),
(187, 64, 'โรตีปลาดาว', 1, 'เมนูโรตี'),
(188, 64, 'โรตีปลาดาว', 4, 'เมนูแนะนำ'),
(189, 6, 'โรตีกรอบ', 1, 'เมนูโรตี'),
(190, 6, 'โรตีกรอบ', 4, 'เมนูแนะนำ'),
(191, 66, 'ชามะนาวไม่เปรี้ยว', 2, 'เครื่องดื่ม'),
(192, 66, 'ชามะนาวไม่เปรี้ยว', 6, 'เครื่องดื่มเย็น'),
(193, 13, 'ชามะนาว', 2, 'เครื่องดื่ม'),
(194, 13, 'ชามะนาว', 5, 'เครื่องดื่มร้อน'),
(195, 67, 'น้ำแข็ง', 2, 'เครื่องดื่ม'),
(196, 68, 'โรตีคนรวย', 1, 'เมนูโรตี'),
(197, 68, 'โรตีคนรวย', 4, 'เมนูแนะนำ'),
(207, 73, 'ข้าวยำ', 1, 'เมนูโรตี'),
(208, 73, 'ข้าวยำ', 4, 'เมนูแนะนำ');

-- --------------------------------------------------------

--
-- Table structure for table `order1`
--

CREATE TABLE `order1` (
  `order_id` int(3) NOT NULL,
  `order_quatity` int(3) NOT NULL DEFAULT 0,
  `Order_date` datetime DEFAULT current_timestamp() ON UPDATE current_timestamp(),
  `status` varchar(20) NOT NULL DEFAULT 'pending',
  `service_type` varchar(20) NOT NULL DEFAULT 'dine-in',
  `table_num` varchar(25) DEFAULT NULL,
  `customer_name` varchar(255) DEFAULT NULL,
  `total_amount` decimal(10,2) NOT NULL DEFAULT 0.00,
  `payment_method` varchar(20) NOT NULL DEFAULT 'cash',
  `received_amount` decimal(10,2) DEFAULT NULL,
  `change_amount` decimal(10,2) DEFAULT NULL,
  `user_ID` int(2) DEFAULT NULL
) ENGINE=InnoDB DEFAULT CHARSET=utf8mb4 COLLATE=utf8mb4_general_ci;

--
-- Dumping data for table `order1`
--

INSERT INTO `order1` (`order_id`, `order_quatity`, `Order_date`, `status`, `service_type`, `table_num`, `customer_name`, `total_amount`, `payment_method`, `received_amount`, `change_amount`, `user_ID`) VALUES
(1, 2, '2025-08-23 10:30:00', 'completed', 'dine-in', '5', 'คุณส้ม', 550.00, 'cash', NULL, NULL, 2),
(3, 4, '2025-08-22 19:45:00', 'completed', 'dine-in', '12', 'คุณกล้วย', 1250.00, 'credit', NULL, NULL, 2),
(4, 2, '2025-08-22 20:00:00', 'completed', 'dine-in', '8', 'คุณมะม่วง', 890.00, 'qr', NULL, NULL, 3),
(178, 0, '2025-08-19 21:37:48', 'paid', 'dine-in', '2', NULL, 1558.00, 'cash', 2000.00, 442.00, 137),
(179, 0, '2025-08-19 21:37:48', 'paid', 'dine-in', '3', NULL, 41.00, 'cash', 500.00, 459.00, 137),
(180, 0, '2025-08-19 21:37:48', 'paid', 'takeaway', NULL, 'ซูรีย์', 41.00, 'qr', 0.00, 0.00, 137),
(185, 0, '2025-08-26 03:42:08', 'paid', 'dine-in', '1', NULL, 140.00, 'qr', 0.00, 0.00, 137),
(186, 0, '2025-08-26 03:42:23', 'paid', 'takeaway', NULL, 'ยียี่', 445.00, 'cash', 500.00, 55.00, 138),
(187, 0, '2025-09-07 22:41:08', 'paid', 'dine-in', '1', NULL, 176.00, 'qr', 0.00, 0.00, NULL),
(188, 0, '2025-09-07 22:41:15', 'paid', 'takeaway', NULL, 'หนู', 96.00, 'qr', 0.00, 0.00, NULL),
(189, 0, '2025-09-06 19:49:54', 'done', 'dine-in', '1', NULL, 31.00, 'cash', NULL, NULL, NULL),
(190, 0, '2025-09-07 22:41:33', 'paid', 'dine-in', '1', NULL, 75.00, 'cash', 80.00, 5.00, NULL),
(191, 0, '2025-09-06 20:26:17', 'done', 'dine-in', '3', NULL, 16.00, 'cash', NULL, NULL, NULL),
(192, 0, '2025-09-06 20:26:49', 'done', 'dine-in', '4', NULL, 50.00, 'cash', NULL, NULL, NULL),
(193, 0, '2025-09-07 20:00:32', 'done', 'dine-in', '1', NULL, 25.00, 'cash', NULL, NULL, NULL),
(194, 0, '2025-09-07 22:40:57', 'done', 'dine-in', '1', NULL, 25.00, 'cash', NULL, NULL, NULL),
(195, 0, '2025-09-07 22:40:58', 'done', 'takeaway', NULL, 'ยี่', 50.00, 'cash', NULL, NULL, NULL),
(196, 0, '2025-09-07 22:40:59', 'done', 'takeaway', NULL, 'ยียี่', 50.00, 'cash', NULL, NULL, NULL),
(197, 0, '2025-09-07 22:41:00', 'done', 'dine-in', '4', NULL, 41.00, 'cash', NULL, NULL, NULL),
(198, 0, '2025-09-07 22:41:00', 'done', 'takeaway', NULL, 'น้อง', 50.00, 'cash', NULL, NULL, NULL),
(199, 0, '2025-09-07 22:52:11', 'done', 'dine-in', '6', NULL, 10.00, 'cash', NULL, NULL, NULL),
(200, 0, '2025-09-08 14:38:11', 'done', 'dine-in', '1', NULL, 20.00, 'cash', NULL, NULL, NULL),
(201, 0, '2025-09-08 14:38:12', 'done', 'dine-in', '5', NULL, 20.00, 'cash', NULL, NULL, NULL),
(202, 0, '2025-09-08 14:40:02', 'processing', 'takeaway', NULL, 'ยี่', 25.00, 'cash', NULL, NULL, NULL),
(203, 0, '2025-09-08 20:56:10', 'pending', 'dine-in', '3', NULL, 20.00, 'cash', NULL, NULL, NULL);

-- --------------------------------------------------------

--
-- Table structure for table `order_items`
--

CREATE TABLE `order_items` (
  `item_id` int(11) NOT NULL,
  `order_id` int(3) NOT NULL,
  `menu_id` int(3) NOT NULL,
  `quantity` int(11) NOT NULL
) ENGINE=InnoDB DEFAULT CHARSET=utf8mb4 COLLATE=utf8mb4_general_ci;

--
-- Dumping data for table `order_items`
--

INSERT INTO `order_items` (`item_id`, `order_id`, `menu_id`, `quantity`) VALUES
(320, 178, 3, 1),
(321, 178, 6, 1),
(322, 178, 68, 1),
(323, 178, 2, 1),
(324, 179, 3, 1),
(325, 179, 6, 1),
(326, 180, 3, 1),
(327, 180, 6, 1),
(332, 185, 2, 1),
(333, 185, 8, 2),
(334, 185, 62, 3),
(335, 186, 2, 5),
(336, 186, 4, 6),
(337, 186, 8, 14),
(338, 187, 6, 11),
(339, 188, 6, 6),
(340, 189, 62, 1),
(341, 190, 3, 3),
(342, 191, 6, 1),
(343, 192, 3, 2),
(344, 193, 3, 1),
(345, 194, 3, 1),
(346, 195, 3, 2),
(347, 196, 3, 2),
(348, 197, 3, 1),
(349, 197, 6, 1),
(350, 198, 3, 2),
(351, 199, 73, 1),
(352, 200, 73, 2),
(353, 201, 73, 2),
(354, 202, 3, 1),
(355, 203, 73, 2);

-- --------------------------------------------------------

--
-- Table structure for table `recipes`
--

CREATE TABLE `recipes` (
  `Recipes_id` int(3) NOT NULL,
  `Recipes_name` varchar(25) NOT NULL,
  `created_at` datetime NOT NULL DEFAULT current_timestamp(),
  `updated_at` datetime NOT NULL DEFAULT current_timestamp()
) ENGINE=InnoDB DEFAULT CHARSET=utf8mb4 COLLATE=utf8mb4_general_ci;

--
-- Dumping data for table `recipes`
--

INSERT INTO `recipes` (`Recipes_id`, `Recipes_name`, `created_at`, `updated_at`) VALUES
(1, 'โรตีธรรมดา', '2025-08-13 13:36:14', '2025-08-13 13:36:14'),
(2, 'โรตีไข่', '2025-08-13 13:36:14', '2025-08-13 13:36:14'),
(3, 'โรตีกล้วย', '2025-08-13 13:36:14', '2025-08-13 13:36:14'),
(4, 'โรตีมะตะบะ', '2025-08-13 13:36:14', '2025-08-13 13:36:14'),
(5, 'โรตีแกง', '2025-08-13 13:36:14', '2025-08-13 13:36:14'),
(7, 'โรตีระเบิด', '2025-08-13 13:36:14', '2025-08-13 13:36:14'),
(8, 'โรตีไมโล', '2025-08-13 13:36:14', '2025-08-13 13:36:14'),
(9, 'โรตีกรอบ', '2025-08-20 14:47:47', '2025-08-20 14:47:47'),
(10, 'ข้าวยำ', '2025-09-07 22:38:28', '2025-09-07 22:38:28');

-- --------------------------------------------------------

--
-- Table structure for table `schedules`
--

CREATE TABLE `schedules` (
  `schedule_id` int(5) NOT NULL,
  `user_ID` int(2) NOT NULL,
  `shift_start` datetime NOT NULL,
  `shift_end` datetime NOT NULL,
  `status` enum('Scheduled','Completed','Absent') DEFAULT 'Scheduled'
) ENGINE=InnoDB DEFAULT CHARSET=utf8mb4 COLLATE=utf8mb4_general_ci;

--
-- Dumping data for table `schedules`
--

INSERT INTO `schedules` (`schedule_id`, `user_ID`, `shift_start`, `shift_end`, `status`) VALUES
(1, 1, '2025-08-22 09:00:00', '2025-08-22 18:00:00', 'Completed'),
(2, 2, '2025-08-22 08:00:00', '2025-08-22 17:00:00', 'Completed'),
(3, 1, '2025-08-23 09:00:00', '2025-08-23 18:00:00', 'Scheduled'),
(4, 2, '2025-08-23 08:00:00', '2025-08-23 17:00:00', 'Absent'),
(5, 3, '2025-08-23 12:00:00', '2025-08-23 21:00:00', 'Scheduled'),
(6, 4, '2025-08-23 09:00:00', '2025-08-23 18:00:00', 'Scheduled'),
(7, 1, '2025-08-24 09:00:00', '2025-08-24 18:00:00', 'Scheduled'),
(8, 3, '2025-08-24 12:00:00', '2025-08-24 21:00:00', 'Scheduled');

-- --------------------------------------------------------

--
-- Table structure for table `time_attendance`
--

CREATE TABLE `time_attendance` (
  `attendance_id` int(5) NOT NULL,
  `user_ID` int(2) NOT NULL,
  `schedule_id` int(5) DEFAULT NULL,
  `clock_in` datetime NOT NULL,
  `clock_out` datetime DEFAULT NULL,
  `notes` varchar(255) DEFAULT NULL
) ENGINE=InnoDB DEFAULT CHARSET=utf8mb4 COLLATE=utf8mb4_general_ci;

--
-- Dumping data for table `time_attendance`
--

INSERT INTO `time_attendance` (`attendance_id`, `user_ID`, `schedule_id`, `clock_in`, `clock_out`, `notes`) VALUES
(1, 1, 1, '2025-08-22 08:58:00', '2025-08-22 18:30:00', 'ทำงาน OT 30 นาที'),
(2, 2, 2, '2025-08-22 07:55:00', '2025-08-22 17:05:00', NULL),
(3, 1, 3, '2025-08-23 09:01:00', NULL, 'เข้างานตรงเวลา'),
(4, 3, 5, '2025-08-23 12:15:00', NULL, 'มาสาย 15 นาที'),
(5, 4, 6, '2025-08-23 08:59:00', NULL, NULL),
(6, 126, NULL, '2025-08-23 15:38:45', '2025-08-23 15:41:05', NULL),
(7, 126, NULL, '2025-08-23 15:41:07', '2025-08-23 15:41:09', NULL),
(8, 126, NULL, '2025-08-23 15:41:11', '2025-08-23 15:41:11', NULL);

-- --------------------------------------------------------

--
-- Table structure for table `unit`
--

CREATE TABLE `unit` (
  `Unit_id` int(3) NOT NULL,
  `Unit_name` varchar(25) NOT NULL DEFAULT 'กิโลกรัม'
) ENGINE=InnoDB DEFAULT CHARSET=utf8mb4 COLLATE=utf8mb4_general_ci;

--
-- Dumping data for table `unit`
--

INSERT INTO `unit` (`Unit_id`, `Unit_name`) VALUES
(1, 'กิโลกรัม'),
(2, 'ช้อนโต๊ะ'),
(3, 'ถ้วย'),
(4, 'ลิตร'),
(5, 'ขีด'),
(6, 'กรัม'),
(7, 'ฟอง'),
(8, 'ลูก'),
(9, 'ทัพพี'),
(10, 'ช้อนชา'),
(11, 'มิลลิลิตร');

-- --------------------------------------------------------

--
-- Table structure for table `users`
--

CREATE TABLE `users` (
  `user_ID` int(2) NOT NULL,
  `username` varchar(50) NOT NULL,
  `password_hash` varchar(255) NOT NULL,
  `force_password_reset` tinyint(1) NOT NULL DEFAULT 0,
  `full_name` varchar(100) DEFAULT NULL,
  `phone` varchar(10) DEFAULT NULL,
  `email` varchar(100) DEFAULT NULL,
  `role` enum('owner','admin','manager','sales','accountant') NOT NULL,
  `created_at` datetime DEFAULT current_timestamp(),
  `profile_picture_url` varchar(255) DEFAULT 'default.png',
  `hourly_wage` decimal(10,2) DEFAULT 0.00,
  `status` enum('Active','Inactive') DEFAULT 'Active',
  `start_time` time NOT NULL DEFAULT '09:00:00',
  `end_time` time NOT NULL DEFAULT '18:00:00'
) ENGINE=InnoDB DEFAULT CHARSET=utf8mb4 COLLATE=utf8mb4_general_ci;

--
-- Dumping data for table `users`
--

INSERT INTO `users` (`user_ID`, `username`, `password_hash`, `force_password_reset`, `full_name`, `phone`, `email`, `role`, `created_at`, `profile_picture_url`, `hourly_wage`, `status`, `start_time`, `end_time`) VALUES
(1, 'manager01', 'hashed_password_manager', 0, 'สมชาย ใจดี', '0812345678', 'somchai.jd@example.com', 'manager', '2024-01-10 09:00:00', 'manager.jpg', 250.00, 'Active', '09:00:00', '18:00:00'),
(2, 'sale01', 'hashed_password_sale1', 0, 'สมหญิง มุ่งมั่น', '0823456789', 'somyhing.mm@example.com', 'sales', '2024-02-15 10:00:00', 'sale1.png', 150.00, 'Active', '09:00:00', '18:00:00'),
(3, 'sale02', 'hashed_password_sale2', 0, 'มานี มีนา', '0834567890', 'manee.mn@example.com', 'sales', '2024-03-20 11:00:00', 'sale2.jpg', 150.00, 'Active', '09:00:00', '18:00:00'),
(4, 'account01', 'hashed_password_account', 0, 'ปิติ ยินดี', '0845678901', 'piti.yd@example.com', 'accountant', '2024-04-25 12:00:00', 'account.png', 180.00, 'Active', '09:00:00', '18:00:00'),
(5, 'ex_staff', 'hashed_password_ex', 0, 'วีระ กล้าหาญ', '0856789012', 'veera.kh@example.com', 'sales', '2024-01-05 09:30:00', 'default.png', 140.00, 'Inactive', '09:00:00', '18:00:00'),
(126, 'suree.ya', '$2y$10$H10Y0dyD8ttBExNf4IbMg.d.CmNSCQUH/FOCVjF8XQPlG3oL7Ok9W', 0, 'Suree Yakareeya', '0635851106', 'owner@gmail.com', 'owner', '2025-07-07 17:37:15', 'default.png', 0.00, 'Active', '09:00:00', '18:00:00'),
(127, 'hawanee.ha', '$2y$10$eWA0tqvFP808JKw34NTzw.jkQOj5zI7y/mPG0ms5I6.0ngzyKxJgW', 0, 'hawanee hayeemasama', '0812345670', 'owner@gmail.com', 'admin', '2025-07-07 17:42:18', 'default.png', 0.00, 'Active', '09:00:00', '18:00:00'),
(128, 'hakim.ma', '$2y$10$p5X2P.gI5S1AnReT29iTu.FlqjWqhfhA6b/8.89JlpazxVkDs2QYG', 0, 'hakim mamah', '0635851105', 'one2r@gmail.com', 'accountant', '2025-07-07 17:45:02', 'default.png', 0.00, 'Active', '09:00:00', '18:00:00'),
(130, 'nurma.be', '$2y$10$.3wFY2icFcoX61tX2kx7gur1mVqp38214Cu.wC9rU/L1R8v/24Gci', 0, 'Nurma Beraheng', '0812345679', 'nurma@gmail.com', 'manager', '2025-07-17 21:21:59', 'default.png', 0.00, 'Active', '09:00:00', '18:00:00'),
(132, 'suree.ya2', '$2y$10$w8eza/2Ewmb0glW94s00TOYu1AduhU44NgrNggOgVRyinETO8PccS', 0, 'Suree Yakaree', '0812345677', 'one2rr@gmail.com', 'sales', '2025-07-23 13:59:30', 'default.png', 0.00, 'Active', '09:00:00', '18:00:00'),
(133, 'firdow.ut', '$2y$10$ywk71gjedAy48T1Mt1Q5ueNTAiXFq7SQo1scZpcmPSBVxjTCckukq', 0, 'firdow uthai', '0657465574', 'Staff@gmail.com', 'sales', '2025-07-23 14:28:51', 'default.png', 0.00, 'Active', '09:00:00', '18:00:00'),
(137, 'malwa.ma', '$2y$10$gF2yEbNiLN.ovRRrHw3Dpu/4m0ioJIiqFTsOzlLzOYVhk3Kt31zW2', 0, 'Malwa Madeeyoh', '0812345679', 'one2r@gmail.com', 'sales', '2025-08-18 23:10:05', 'default.png', 0.00, 'Active', '09:00:00', '18:00:00'),
(138, 'sale.tw', '$2y$10$qaYPHFFDDcTdIJP2OJWer.xFIrRw.p5u6acFilMqodeUyzMRD0xGK', 0, 'sale two', '0635851106', 'sale@gmail.com', 'sales', '2025-08-24 20:17:59', 'default.png', 0.00, 'Active', '09:00:00', '18:00:00'),
(140, 'suree.ka', '$2y$10$nGaUBWjZluXqJNPfGjEeRORDzfK9GiqBv4BGoqs/IBTLNGXpluK16', 0, 'Suree kareeya', '0635851105', 'su032ree@gmail.com', 'sales', '2025-09-11 16:29:57', 'default.png', 0.00, 'Active', '09:00:00', '18:00:00');

--
-- Indexes for dumped tables
--

--
-- Indexes for table `attendance`
--
ALTER TABLE `attendance`
  ADD PRIMARY KEY (`attendance_id`),
  ADD KEY `fk_user` (`user_id`);

--
-- Indexes for table `categories`
--
ALTER TABLE `categories`
  ADD PRIMARY KEY (`cate_id`),
  ADD UNIQUE KEY `cate_name` (`cate_name`);

--
-- Indexes for table `ingredient`
--
ALTER TABLE `ingredient`
  ADD PRIMARY KEY (`ingredient_id`),
  ADD KEY `Recipes_id` (`Recipes_id`,`material_id`,`Unit_id`),
  ADD KEY `Unit_id` (`Unit_id`),
  ADD KEY `material_id` (`material_id`);

--
-- Indexes for table `leave_requests`
--
ALTER TABLE `leave_requests`
  ADD PRIMARY KEY (`leave_id`),
  ADD KEY `fk_leave_user` (`user_id`),
  ADD KEY `fk_leave_approver` (`approved_by`);

--
-- Indexes for table `material`
--
ALTER TABLE `material`
  ADD PRIMARY KEY (`material_id`),
  ADD KEY `Unit_id` (`Unit_id`);

--
-- Indexes for table `mate_cate`
--
ALTER TABLE `mate_cate`
  ADD PRIMARY KEY (`mate_id`),
  ADD KEY `menu_ID` (`material_id`),
  ADD KEY `cate_id` (`cate_id`);

--
-- Indexes for table `menu`
--
ALTER TABLE `menu`
  ADD PRIMARY KEY (`menu_ID`),
  ADD KEY `Recipes_id` (`Recipes_id`);

--
-- Indexes for table `menu_categories`
--
ALTER TABLE `menu_categories`
  ADD PRIMARY KEY (`id`),
  ADD KEY `cate_id` (`cate_id`),
  ADD KEY `menu_ID` (`menu_ID`);

--
-- Indexes for table `order1`
--
ALTER TABLE `order1`
  ADD PRIMARY KEY (`order_id`),
  ADD KEY `user_ID` (`user_ID`);

--
-- Indexes for table `order_items`
--
ALTER TABLE `order_items`
  ADD PRIMARY KEY (`item_id`),
  ADD KEY `order_id` (`order_id`),
  ADD KEY `order_items_ibfk_2` (`menu_id`);

--
-- Indexes for table `recipes`
--
ALTER TABLE `recipes`
  ADD PRIMARY KEY (`Recipes_id`);

--
-- Indexes for table `schedules`
--
ALTER TABLE `schedules`
  ADD PRIMARY KEY (`schedule_id`),
  ADD KEY `user_ID` (`user_ID`);

--
-- Indexes for table `time_attendance`
--
ALTER TABLE `time_attendance`
  ADD PRIMARY KEY (`attendance_id`),
  ADD KEY `user_ID` (`user_ID`),
  ADD KEY `schedule_id` (`schedule_id`);

--
-- Indexes for table `unit`
--
ALTER TABLE `unit`
  ADD PRIMARY KEY (`Unit_id`);

--
-- Indexes for table `users`
--
ALTER TABLE `users`
  ADD PRIMARY KEY (`user_ID`),
  ADD UNIQUE KEY `username` (`username`);

--
-- AUTO_INCREMENT for dumped tables
--

--
-- AUTO_INCREMENT for table `attendance`
--
ALTER TABLE `attendance`
  MODIFY `attendance_id` int(11) NOT NULL AUTO_INCREMENT, AUTO_INCREMENT=65;

--
-- AUTO_INCREMENT for table `categories`
--
ALTER TABLE `categories`
  MODIFY `cate_id` int(11) NOT NULL AUTO_INCREMENT, AUTO_INCREMENT=11;

--
-- AUTO_INCREMENT for table `ingredient`
--
ALTER TABLE `ingredient`
  MODIFY `ingredient_id` int(11) NOT NULL AUTO_INCREMENT, AUTO_INCREMENT=242;

--
-- AUTO_INCREMENT for table `leave_requests`
--
ALTER TABLE `leave_requests`
  MODIFY `leave_id` int(11) NOT NULL AUTO_INCREMENT, AUTO_INCREMENT=17;

--
-- AUTO_INCREMENT for table `material`
--
ALTER TABLE `material`
  MODIFY `material_id` int(3) NOT NULL AUTO_INCREMENT, AUTO_INCREMENT=89;

--
-- AUTO_INCREMENT for table `mate_cate`
--
ALTER TABLE `mate_cate`
  MODIFY `mate_id` int(3) NOT NULL AUTO_INCREMENT, AUTO_INCREMENT=153;

--
-- AUTO_INCREMENT for table `menu`
--
ALTER TABLE `menu`
  MODIFY `menu_ID` int(3) NOT NULL AUTO_INCREMENT, AUTO_INCREMENT=74;

--
-- AUTO_INCREMENT for table `menu_categories`
--
ALTER TABLE `menu_categories`
  MODIFY `id` int(11) NOT NULL AUTO_INCREMENT, AUTO_INCREMENT=209;

--
-- AUTO_INCREMENT for table `order1`
--
ALTER TABLE `order1`
  MODIFY `order_id` int(3) NOT NULL AUTO_INCREMENT, AUTO_INCREMENT=204;

--
-- AUTO_INCREMENT for table `order_items`
--
ALTER TABLE `order_items`
  MODIFY `item_id` int(11) NOT NULL AUTO_INCREMENT, AUTO_INCREMENT=356;

--
-- AUTO_INCREMENT for table `recipes`
--
ALTER TABLE `recipes`
  MODIFY `Recipes_id` int(3) NOT NULL AUTO_INCREMENT, AUTO_INCREMENT=11;

--
-- AUTO_INCREMENT for table `schedules`
--
ALTER TABLE `schedules`
  MODIFY `schedule_id` int(5) NOT NULL AUTO_INCREMENT, AUTO_INCREMENT=9;

--
-- AUTO_INCREMENT for table `time_attendance`
--
ALTER TABLE `time_attendance`
  MODIFY `attendance_id` int(5) NOT NULL AUTO_INCREMENT, AUTO_INCREMENT=9;

--
-- AUTO_INCREMENT for table `unit`
--
ALTER TABLE `unit`
  MODIFY `Unit_id` int(3) NOT NULL AUTO_INCREMENT, AUTO_INCREMENT=21;

--
-- AUTO_INCREMENT for table `users`
--
ALTER TABLE `users`
  MODIFY `user_ID` int(2) NOT NULL AUTO_INCREMENT, AUTO_INCREMENT=141;

--
-- Constraints for dumped tables
--

--
-- Constraints for table `attendance`
--
ALTER TABLE `attendance`
  ADD CONSTRAINT `fk_user` FOREIGN KEY (`user_id`) REFERENCES `users` (`user_ID`) ON DELETE CASCADE ON UPDATE CASCADE;

--
-- Constraints for table `ingredient`
--
ALTER TABLE `ingredient`
  ADD CONSTRAINT `ingredient_ibfk_1` FOREIGN KEY (`Recipes_id`) REFERENCES `recipes` (`Recipes_id`),
  ADD CONSTRAINT `ingredient_ibfk_3` FOREIGN KEY (`Unit_id`) REFERENCES `unit` (`Unit_id`),
  ADD CONSTRAINT `ingredient_ibfk_4` FOREIGN KEY (`material_id`) REFERENCES `material` (`material_id`);

--
-- Constraints for table `leave_requests`
--
ALTER TABLE `leave_requests`
  ADD CONSTRAINT `fk_leave_approver` FOREIGN KEY (`approved_by`) REFERENCES `users` (`user_ID`),
  ADD CONSTRAINT `fk_leave_user` FOREIGN KEY (`user_id`) REFERENCES `users` (`user_ID`);

--
-- Constraints for table `material`
--
ALTER TABLE `material`
  ADD CONSTRAINT `material_ibfk_1` FOREIGN KEY (`Unit_id`) REFERENCES `unit` (`Unit_id`);

--
-- Constraints for table `mate_cate`
--
ALTER TABLE `mate_cate`
  ADD CONSTRAINT `mate_cate_ibfk_1` FOREIGN KEY (`cate_id`) REFERENCES `categories` (`cate_id`),
  ADD CONSTRAINT `mate_cate_ibfk_2` FOREIGN KEY (`material_id`) REFERENCES `material` (`material_id`);

--
-- Constraints for table `menu`
--
ALTER TABLE `menu`
  ADD CONSTRAINT `menu_ibfk_1` FOREIGN KEY (`Recipes_id`) REFERENCES `recipes` (`Recipes_id`);

--
-- Constraints for table `menu_categories`
--
ALTER TABLE `menu_categories`
  ADD CONSTRAINT `menu_categories_ibfk_1` FOREIGN KEY (`cate_id`) REFERENCES `categories` (`cate_id`),
  ADD CONSTRAINT `menu_categories_ibfk_2` FOREIGN KEY (`menu_ID`) REFERENCES `menu` (`menu_ID`);

--
-- Constraints for table `order1`
--
ALTER TABLE `order1`
  ADD CONSTRAINT `order1_ibfk_1` FOREIGN KEY (`user_ID`) REFERENCES `users` (`user_ID`);

--
-- Constraints for table `order_items`
--
ALTER TABLE `order_items`
  ADD CONSTRAINT `order_items_ibfk_1` FOREIGN KEY (`order_id`) REFERENCES `order1` (`order_id`),
  ADD CONSTRAINT `order_items_ibfk_2` FOREIGN KEY (`menu_id`) REFERENCES `menu` (`menu_ID`);

--
-- Constraints for table `schedules`
--
ALTER TABLE `schedules`
  ADD CONSTRAINT `schedules_ibfk_1` FOREIGN KEY (`user_ID`) REFERENCES `users` (`user_ID`);

--
-- Constraints for table `time_attendance`
--
ALTER TABLE `time_attendance`
  ADD CONSTRAINT `time_attendance_ibfk_1` FOREIGN KEY (`user_ID`) REFERENCES `users` (`user_ID`),
  ADD CONSTRAINT `time_attendance_ibfk_2` FOREIGN KEY (`schedule_id`) REFERENCES `schedules` (`schedule_id`);
COMMIT;

/*!40101 SET CHARACTER_SET_CLIENT=@OLD_CHARACTER_SET_CLIENT */;
/*!40101 SET CHARACTER_SET_RESULTS=@OLD_CHARACTER_SET_RESULTS */;
/*!40101 SET COLLATION_CONNECTION=@OLD_COLLATION_CONNECTION */;
